
students.csv

Index,Organization Id,Name,Website,Country,Description,Founded,Industry,Number of employees
1,FAB0d41d5b5d22c,Ferrell LLC,https://price.net/,Papua New Guinea,Horizontal empowering knowledgebase,1990,Plastics,3498
2,6A7EdDEA9FaDC52,"Mckinney, Riley and Day",http://www.hall-buchanan.info/,Finland,User-centric system-worthy leverage,2015,Glass / Ceramics / Concrete,4952
3,0bFED1ADAE4bcC1,Hester Ltd,http://sullivan-reed.com/,China,Switchable scalable moratorium,1971,Public Safety,5287
4,2bFC1Be8a4ce42f,Holder-Sellers,https://becker.com/,Turkmenistan,De-engineered systemic artificial intelligence,2004,Automotive,921
5,9eE8A6a4Eb96C24,Mayer Group,http://www.brewer.com/,Mauritius,Synchronized needs-based challenge,1991,Transportation,7870
6,cC757116fe1C085,Henry-Thompson,http://morse.net/,Bahamas,Face-to-face well-modulated customer loyalty,1992,Primary / Secondary Education,4914
7,219233e8aFF1BC3,Hansen-Everett,https://www.kidd.org/,Pakistan,Seamless disintermediate collaboration,2018,Publishing Industry,7832
8,ccc93DCF81a31CD,Mcintosh-Mora,https://www.brooks.com/,Heard Island and McDonald Islands,Centralized attitude-oriented capability,1970,Import / Export,4389
9,0B4F93aA06ED03e,Carr Inc,http://ross.com/,Kuwait,Distributed impactful customer loyalty,1996,Plastics,8167
10,738b5aDe6B1C6A5,Gaines Inc,http://sandoval-hooper.com/,Uzbekistan,Multi-lateral scalable protocol,1997,Outsourcing / Offshoring,9698
11,AE61b8Ffebbc476,Kidd Group,http://www.lyons.com/,Bouvet Island (Bouvetoya),Proactive foreground paradigm,2001,Primary / Secondary Education,7473
12,eb3B7D06cCdD609,Crane-Clarke,https://www.sandoval.com/,Denmark,Front-line clear-thinking encryption,2014,Food / Beverages,9011
13,8D0c29189C9798B,"Keller, Campos and Black",https://www.garner.info/,Liberia,Ameliorated directional emulation,2020,Museums / Institutions,2862
14,D2c91cc03CA394c,Glover-Pope,http://www.silva.biz/,United Arab Emirates,Persevering contextually-based approach,2013,Medical Practice,9079
15,C8AC1eaf9C036F4,Pacheco-Spears,https://aguilar.com/,Sweden,Secured logistical synergy,1984,Maritime,769


